<?xml version="1.0"?>
<doc>
    <assembly>
        <name>Marain.Tenancy.Host.Functions</name>
    </assembly>
    <members>
        <member name="T:Marain.Tenancy.ControlHost.Startup">
            <summary>
            Startup code for the Function.
            </summary>
        </member>
        <member name="M:Marain.Tenancy.ControlHost.Startup.Configure(Microsoft.Azure.WebJobs.IWebJobsBuilder)">
            <inheritdoc/>
        </member>
        <member name="T:Marain.Tenancy.Functions.TenancyHost">
            <summary>
            The host for the claims services.
            </summary>
        </member>
        <member name="M:Marain.Tenancy.Functions.TenancyHost.#ctor(Menes.IOpenApiHost{Microsoft.AspNetCore.Http.HttpRequest,Microsoft.AspNetCore.Mvc.IActionResult})">
            <summary>
            Initializes a new instance of the <see cref="T:Marain.Tenancy.Functions.TenancyHost"/> class.
            </summary>
            <param name="host">The OpenApi host.</param>
        </member>
        <member name="M:Marain.Tenancy.Functions.TenancyHost.RunAsync(Microsoft.AspNetCore.Http.HttpRequest,Microsoft.Azure.WebJobs.ExecutionContext)">
            <summary>
            Azure Functions entry point.
            </summary>
            <param name="req">The <see cref="T:Microsoft.AspNetCore.Http.HttpRequest"/>.</param>
            <param name="executionContext">The context for the function execution.</param>
            <returns>An action result which comes from executing the function.</returns>
        </member>
    </members>
</doc>
